{
 "h2o.gjf": {
  "periodic": false,
  "symbols": [
   "O",
   "H",
   "H"
  ],
  "cart": [
   [
    0.0,
    0.0,
    0.119262
   ],
   [
    0.0,
    0.763239,
    -0.477047
   ],
   [
    0.0,
    -0.763239,
    -0.477047
   ]
  ]
 },
 "h2o.orcainp": {
  "periodic": false,
  "symbols": [
   "O",
   "H",
   "H"
  ],
  "cart": [
   [
    0.0,
    0.0,
    0.119262
   ],
   [
    0.0,
    0.763239,
    -0.477047
   ],
   [
    0.0,
    -0.763239,
    -0.477047
   ]
  ]
 },
 "tri.dat": {
  "periodic": true,
  "cell": [
   [
    4.0,
    0.0,
    0.0
   ],
   [
    1.2,
    3.6,
    0.0
   ],
   [
    0.8,
    0.5,
    5.1
   ]
  ],
  "symbols": [
   "O",
   "H",
   "H"
  ],
  "frac": [
   [
    0.09999999999999999,
    0.20000000000000004,
    0.3
   ],
   [
    0.4,
    0.5,
    0.6
   ],
   [
    0.7,
    0.8000000000000002,
    0.15
   ]
  ]
 },
 "si.dat": {
  "periodic": true,
  "cell": [
   [
    0.0,
    2.715,
    2.715
   ],
   [
    2.715,
    0.0,
    2.715
   ],
   [
    2.715,
    2.715,
    0.0
   ]
  ],
  "symbols": [
   "Si",
   "Si"
  ],
  "frac": [
   [
    0.0,
    0.0,
    0.0
   ],
   [
    0.25,
    0.25,
    0.25
   ]
  ]
 },
 "tri.stru": {
  "periodic": true,
  "cell": [
   [
    4.0,
    0.0,
    0.0
   ],
   [
    1.2,
    3.6,
    0.0
   ],
   [
    0.8,
    0.5,
    5.1
   ]
  ],
  "symbols": [
   "O",
   "H",
   "H"
  ],
  "frac": [
   [
    0.09999999999999999,
    0.20000000000000004,
    0.3
   ],
   [
    0.4,
    0.5,
    0.6
   ],
   [
    0.7,
    0.8000000000000002,
    0.15
   ]
  ]
 },
 "si.stru": {
  "periodic": true,
  "cell": [
   [
    0.0,
    2.715,
    2.715
   ],
   [
    2.715,
    0.0,
    2.715
   ],
   [
    2.715,
    2.715,
    0.0
   ]
  ],
  "symbols": [
   "Si",
   "Si"
  ],
  "frac": [
   [
    0.0,
    0.0,
    0.0
   ],
   [
    0.25,
    0.25,
    0.25
   ]
  ]
 },
 "OUTCAR_traj": {
  "n_frames": 1,
  "symbols": [
   "Ni",
   "Ni",
   "Ni",
   "Ni",
   "Ni",
   "Ni",
   "Ni",
   "Ni",
   "Ni",
   "Ni",
   "Ni",
   "Ni",
   "Ni",
   "Ni",
   "Ni",
   "Ni",
   "Ni",
   "Ni"
  ],
  "last_cart": [
   [
    0.0,
    0.0,
    0.0
   ],
   [
    16.82152,
    15.71963,
    17.66895
   ],
   [
    0.38923,
    0.0195,
    15.53471
   ],
   [
    16.79798,
    15.78556,
    15.12184
   ],
   [
    15.82886,
    0.13128,
    16.62067
   ],
   [
    0.96467,
    15.6925,
    16.91409
   ],
   [
    2.27048,
    0.06335,
    16.56292
   ],
   [
    16.3836,
    1.99288,
    0.04238
   ],
   [
    0.82691,
    2.0872,
    16.8189
   ],
   [
    16.56453,
    1.79422,
    15.32981
   ],
   [
    15.69103,
    17.80371,
    1.30301
   ],
   [
    2.24131,
    17.90602,
    1.23703
   ],
   [
    2.95097,
    2.24559,
    17.92136
   ],
   [
    0.05496,
    0.16811,
    2.28973
   ],
   [
    16.67675,
    16.13075,
    2.27474
   ],
   [
    1.16283,
    15.85765,
    1.29324
   ],
   [
    16.27924,
    2.11511,
    2.70307
   ],
   [
    0.76515,
    2.15916,
    1.30553
   ]
  ]
 }
}