{
 "si.pwi": {
  "cell": [
   [
    0.0,
    2.715,
    2.715
   ],
   [
    2.715,
    0.0,
    2.715
   ],
   [
    2.715,
    2.715,
    0.0
   ]
  ],
  "symbols": [
   "Si",
   "Si"
  ],
  "frac": [
   [
    0.0,
    0.0,
    0.0
   ],
   [
    0.25,
    0.25,
    0.25
   ]
  ]
 },
 "si.cell": {
  "cell": [
   [
    0.0,
    2.715,
    2.715
   ],
   [
    2.715,
    0.0,
    2.715
   ],
   [
    2.715,
    2.715,
    0.0
   ]
  ],
  "symbols": [
   "Si",
   "Si"
  ],
  "frac": [
   [
    0.0,
    0.0,
    0.0
   ],
   [
    0.25,
    0.25,
    0.25
   ]
  ]
 },
 "tri.pwi": {
  "cell": [
   [
    4.0,
    0.0,
    0.0
   ],
   [
    1.2,
    3.6,
    0.0
   ],
   [
    0.8,
    0.5,
    5.1
   ]
  ],
  "symbols": [
   "O",
   "H",
   "H"
  ],
  "frac": [
   [
    0.09999999999999998,
    0.2,
    0.30000000000000004
   ],
   [
    0.4,
    0.5,
    0.6000000000000001
   ],
   [
    0.7,
    0.8,
    0.15000000000000002
   ]
  ]
 },
 "tri.cell": {
  "cell": [
   [
    4.0,
    0.0,
    0.0
   ],
   [
    1.2,
    3.6,
    0.0
   ],
   [
    0.8,
    0.5,
    5.1
   ]
  ],
  "symbols": [
   "O",
   "H",
   "H"
  ],
  "frac": [
   [
    0.09999999999999998,
    0.2,
    0.30000000000000004
   ],
   [
    0.4,
    0.5,
    0.6000000000000001
   ],
   [
    0.7,
    0.8,
    0.15000000000000002
   ]
  ]
 },
 "si.fdf": {
  "cell": [
   [
    0.0,
    2.715,
    2.715
   ],
   [
    2.715,
    0.0,
    2.715
   ],
   [
    2.715,
    2.715,
    0.0
   ]
  ],
  "symbols": [
   "Si",
   "Si"
  ],
  "frac": [
   [
    0.0,
    0.0,
    0.0
   ],
   [
    0.25,
    0.25,
    0.25
   ]
  ]
 },
 "tri.fdf": {
  "cell": [
   [
    4.0,
    0.0,
    0.0
   ],
   [
    1.2,
    3.6,
    0.0
   ],
   [
    0.8,
    0.5,
    5.1
   ]
  ],
  "symbols": [
   "O",
   "H",
   "H"
  ],
  "frac": [
   [
    0.09999999999999999,
    0.20000000000000004,
    0.3
   ],
   [
    0.4,
    0.5,
    0.6
   ],
   [
    0.7,
    0.8000000000000002,
    0.15
   ]
  ]
 },
 "OUTCAR": {
  "cell": [
   [
    17.93435,
    0.0,
    0.0
   ],
   [
    0.0,
    17.93435,
    0.0
   ],
   [
    0.0,
    0.0,
    17.93435
   ]
  ],
  "symbols": [
   "Ni",
   "Ni",
   "Ni",
   "Ni",
   "Ni",
   "Ni",
   "Ni",
   "Ni",
   "Ni",
   "Ni",
   "Ni",
   "Ni",
   "Ni",
   "Ni",
   "Ni",
   "Ni",
   "Ni",
   "Ni"
  ],
  "frac": [
   [
    0.0,
    0.0,
    0.0
   ],
   [
    0.9379498002436666,
    0.8765096030801228,
    0.9852015824381704
   ],
   [
    0.021703044715866482,
    0.0010872989542414417,
    0.8661986634586701
   ],
   [
    0.9366372352496746,
    0.8801857887238735,
    0.8431774778567387
   ],
   [
    0.8826001499914968,
    0.007320031113477768,
    0.9267506210149797
   ],
   [
    0.05378895806092778,
    0.874996863560709,
    0.9431114035356734
   ],
   [
    0.12659951433980046,
    0.0035323276282664276,
    0.923530543342803
   ],
   [
    0.9135318536774404,
    0.11112083794506074,
    0.0023630630605514
   ],
   [
    0.04610760914111747,
    0.1163800193483455,
    0.937803711871353
   ],
   [
    0.9236203152051791,
    0.10004377075277332,
    0.8547736606010254
   ],
   [
    0.8749148979472354,
    0.9927156545957897,
    0.07265443130082774
   ],
   [
    0.12497302662209671,
    0.9984203497757099,
    0.06897545771104055
   ],
   [
    0.16454290230758295,
    0.12521167480282253,
    0.9992756916197131
   ],
   [
    0.003064510283338956,
    0.009373632163975836,
    0.1276728735638593
   ],
   [
    0.9298775812895366,
    0.8994332105707762,
    0.12683704734211165
   ],
   [
    0.06483814579285004,
    0.884205449319323,
    0.07210966664529242
   ],
   [
    0.9077128527100231,
    0.11793625082592903,
    0.15072026585853404
   ],
   [
    0.042663938196812266,
    0.12039243128410007,
    0.07279494378106818
   ]
  ]
 }
}